<?xml version="1.0" encoding="UTF-8"?>
<metadata xml:lang="en"><Esri><CreaDate>20220322</CreaDate><CreaTime>21364000</CreaTime><ArcGISFormat>1.0</ArcGISFormat><SyncOnce>FALSE</SyncOnce><DataProperties><itemProps><itemName Sync="TRUE">Hynek_Tanaka_VN_Catalog_TAG_Final_Full_alex</itemName><imsContentType Sync="TRUE">002</imsContentType><nativeExtBox><westBL Sync="TRUE">-8978494.479340</westBL><eastBL Sync="TRUE">8955001.877493</eastBL><southBL Sync="TRUE">-4094127.529000</southBL><northBL Sync="TRUE">3042766.349759</northBL><exTypeCode Sync="TRUE">1</exTypeCode></nativeExtBox><itemLocation><linkage Sync="TRUE">file://\\DESKTOP-PSRHGC6\D$\from_dropbox\Dropbox_Smithsonian\Research\mars_global\valley_network_maps\Goudge\Hynek_Tanaka_VN_Catalog_TAG_Final_Full_alexCopy</linkage><protocol Sync="TRUE">Local Area Network</protocol></itemLocation><itemSize Sync="TRUE">21.117</itemSize></itemProps><coordRef><type Sync="TRUE">Projected</type><geogcsn Sync="TRUE">GCS_Mars_2000_Sphere</geogcsn><csUnits Sync="TRUE">Linear Unit: Meter (1.000000)</csUnits><projcsn Sync="TRUE">Robinson_clon0_Mars_2000_Sphere</projcsn><peXml Sync="TRUE">&lt;ProjectedCoordinateSystem xsi:type='typens:ProjectedCoordinateSystem' xmlns:xsi='http://www.w3.org/2001/XMLSchema-instance' xmlns:xs='http://www.w3.org/2001/XMLSchema' xmlns:typens='http://www.esri.com/schemas/ArcGIS/10.8'&gt;&lt;WKT&gt;PROJCS[&amp;quot;Robinson_clon0_Mars_2000_Sphere&amp;quot;,GEOGCS[&amp;quot;GCS_Mars_2000_Sphere&amp;quot;,DATUM[&amp;quot;D_custom&amp;quot;,SPHEROID[&amp;quot;custom&amp;quot;,3396190.0,0.0]],PRIMEM[&amp;quot;Reference_Meridian&amp;quot;,0.0],UNIT[&amp;quot;Degree&amp;quot;,0.0174532925199433]],PROJECTION[&amp;quot;Robinson&amp;quot;],PARAMETER[&amp;quot;false_easting&amp;quot;,0.0],PARAMETER[&amp;quot;false_northing&amp;quot;,0.0],PARAMETER[&amp;quot;central_meridian&amp;quot;,0.0],UNIT[&amp;quot;Meter&amp;quot;,1.0]]&lt;/WKT&gt;&lt;XOrigin&gt;-9055300&lt;/XOrigin&gt;&lt;YOrigin&gt;-4592900&lt;/YOrigin&gt;&lt;XYScale&gt;497344055.67684066&lt;/XYScale&gt;&lt;ZOrigin&gt;-100000&lt;/ZOrigin&gt;&lt;ZScale&gt;10000&lt;/ZScale&gt;&lt;MOrigin&gt;-100000&lt;/MOrigin&gt;&lt;MScale&gt;10000&lt;/MScale&gt;&lt;XYTolerance&gt;0.001&lt;/XYTolerance&gt;&lt;ZTolerance&gt;0.001&lt;/ZTolerance&gt;&lt;MTolerance&gt;0.001&lt;/MTolerance&gt;&lt;HighPrecision&gt;true&lt;/HighPrecision&gt;&lt;/ProjectedCoordinateSystem&gt;</peXml></coordRef><lineage><Process ToolSource="c:\program files (x86)\arcgis\desktop10.6\ArcToolbox\Toolboxes\Conversion Tools.tbx\FeatureClassToFeatureClass" Date="20190227" Time="132850">FeatureClassToFeatureClass "F:\Dropbox (Smithsonian)\Research\mars_valley_networks\GIS\0_global_data\global_valley_networks.gdb\Hynek_Valley_Networks" "F:\Dropbox (Smithsonian)\Research\mars_global\hynek_valley_network_map" Hynek_Valley_Networks.shp # "tot_length "tot_length" true true false 4 Long 0 0 ,First,#,F:\Dropbox (Smithsonian)\Research\mars_valley_networks\GIS\0_global_data\global_valley_networks.gdb\Hynek_Valley_Networks,tot_length,-1,-1;Shape_Leng "Shape_Leng" false true true 8 Double 0 0 ,First,#,F:\Dropbox (Smithsonian)\Research\mars_valley_networks\GIS\0_global_data\global_valley_networks.gdb\Hynek_Valley_Networks,Shape_Length,-1,-1" #</Process><Process ToolSource="c:\program files (x86)\arcgis\desktop10.6\ArcToolbox\Toolboxes\Data Management Tools.tbx\CalculateField" Date="20190227" Time="135346">CalculateField Hynek_Valley_Networks use_global 1 VB #</Process><Process ToolSource="c:\program files (x86)\arcgis\desktop10.6\ArcToolbox\Toolboxes\Data Management Tools.tbx\CalculateField" Date="20190227" Time="135414">CalculateField Hynek_Valley_Networks use_global 1 VB #</Process><Process ToolSource="c:\program files (x86)\arcgis\desktop10.6\ArcToolbox\Toolboxes\Data Management Tools.tbx\CalculateField" Date="20190227" Time="135437">CalculateField Hynek_Valley_Networks use_global 1 VB #</Process><Process ToolSource="c:\program files (x86)\arcgis\desktop10.6\ArcToolbox\Toolboxes\Data Management Tools.tbx\CalculateField" Date="20190227" Time="135515">CalculateField Hynek_Valley_Networks use_global 1 VB #</Process><Process ToolSource="c:\program files (x86)\arcgis\desktop10.6\ArcToolbox\Toolboxes\Data Management Tools.tbx\CalculateField" Date="20190227" Time="135647">CalculateField Hynek_Valley_Networks use_global 1 VB #</Process><Process ToolSource="c:\program files (x86)\arcgis\desktop10.6\ArcToolbox\Toolboxes\Data Management Tools.tbx\CalculateField" Date="20190227" Time="140229">CalculateField Hynek_Valley_Networks use_global 1 VB #</Process><Process ToolSource="c:\program files (x86)\arcgis\desktop10.6\ArcToolbox\Toolboxes\Data Management Tools.tbx\CalculateField" Date="20190227" Time="140241">CalculateField Hynek_Valley_Networks use_global 1 VB #</Process><Process ToolSource="c:\program files (x86)\arcgis\desktop10.6\ArcToolbox\Toolboxes\Data Management Tools.tbx\CalculateField" Date="20190227" Time="140333">CalculateField Hynek_Valley_Networks use_global 1 VB #</Process><Process ToolSource="c:\program files (x86)\arcgis\desktop10.6\ArcToolbox\Toolboxes\Data Management Tools.tbx\CalculateField" Date="20190227" Time="140342">CalculateField Hynek_Valley_Networks use_global 1 VB #</Process><Process ToolSource="c:\program files (x86)\arcgis\desktop10.6\ArcToolbox\Toolboxes\Data Management Tools.tbx\CalculateField" Date="20190227" Time="140355">CalculateField Hynek_Valley_Networks use_global 1 VB #</Process><Process ToolSource="c:\program files (x86)\arcgis\desktop10.6\ArcToolbox\Toolboxes\Data Management Tools.tbx\CalculateField" Date="20190227" Time="140415">CalculateField Hynek_Valley_Networks use_global 1 VB #</Process><Process ToolSource="c:\program files (x86)\arcgis\desktop10.6\ArcToolbox\Toolboxes\Data Management Tools.tbx\CalculateField" Date="20190227" Time="140435">CalculateField Hynek_Valley_Networks use_global 1 VB #</Process><Process ToolSource="c:\program files (x86)\arcgis\desktop10.6\ArcToolbox\Toolboxes\Data Management Tools.tbx\CalculateField" Date="20190227" Time="140652">CalculateField Hynek_Valley_Networks use_global 1 VB #</Process><Process ToolSource="c:\program files (x86)\arcgis\desktop10.6\ArcToolbox\Toolboxes\Data Management Tools.tbx\CalculateField" Date="20190227" Time="140744">CalculateField Hynek_Valley_Networks use_global 1 VB #</Process><Process ToolSource="c:\program files (x86)\arcgis\desktop10.6\ArcToolbox\Toolboxes\Data Management Tools.tbx\CalculateField" Date="20190227" Time="140806">CalculateField Hynek_Valley_Networks use_global 1 VB #</Process><Process ToolSource="c:\program files (x86)\arcgis\desktop10.6\ArcToolbox\Toolboxes\Data Management Tools.tbx\CalculateField" Date="20190227" Time="141315">CalculateField Hynek_Valley_Networks use_global 0 VB #</Process><Process ToolSource="c:\program files (x86)\arcgis\desktop10.6\ArcToolbox\Toolboxes\Data Management Tools.tbx\CalculateField" Date="20190227" Time="141346">CalculateField Hynek_Valley_Networks use_global 1 VB #</Process><Process ToolSource="c:\program files (x86)\arcgis\desktop10.6\ArcToolbox\Toolboxes\Data Management Tools.tbx\CalculateField" Date="20190227" Time="141421">CalculateField Hynek_Valley_Networks use_global 0 VB #</Process><Process ToolSource="c:\program files (x86)\arcgis\desktop10.6\ArcToolbox\Toolboxes\Data Management Tools.tbx\CalculateField" Date="20190227" Time="141436">CalculateField Hynek_Valley_Networks use_global 1 VB #</Process><Process ToolSource="c:\program files (x86)\arcgis\desktop10.6\ArcToolbox\Toolboxes\Data Management Tools.tbx\CalculateField" Date="20190227" Time="141516">CalculateField Hynek_Valley_Networks use_global 1 VB #</Process><Process ToolSource="c:\program files (x86)\arcgis\desktop10.6\ArcToolbox\Toolboxes\Data Management Tools.tbx\CalculateField" Date="20190227" Time="141522">CalculateField Hynek_Valley_Networks use_global 0 VB #</Process><Process ToolSource="c:\program files (x86)\arcgis\desktop10.6\ArcToolbox\Toolboxes\Data Management Tools.tbx\CalculateField" Date="20190227" Time="141627">CalculateField Hynek_Valley_Networks use_global 0 VB #</Process><Process ToolSource="c:\program files (x86)\arcgis\desktop10.6\ArcToolbox\Toolboxes\Data Management Tools.tbx\CalculateField" Date="20190227" Time="141648">CalculateField Hynek_Valley_Networks use_global 1 VB #</Process><Process ToolSource="c:\program files (x86)\arcgis\desktop10.6\ArcToolbox\Toolboxes\Data Management Tools.tbx\CalculateField" Date="20190227" Time="141740">CalculateField Hynek_Valley_Networks use_global 1 VB #</Process><Process ToolSource="c:\program files (x86)\arcgis\desktop10.6\ArcToolbox\Toolboxes\Data Management Tools.tbx\CalculateField" Date="20190227" Time="143935">CalculateField Hynek_Valley_Networks use_global 0 VB #</Process><Process ToolSource="c:\program files (x86)\arcgis\desktop10.6\ArcToolbox\Toolboxes\Data Management Tools.tbx\CalculateField" Date="20190227" Time="144032">CalculateField Hynek_Valley_Networks use_global 0 VB #</Process><Process ToolSource="c:\program files (x86)\arcgis\desktop10.6\ArcToolbox\Toolboxes\Data Management Tools.tbx\CalculateField" Date="20190227" Time="144551">CalculateField Hynek_Valley_Networks use_global 0 VB #</Process><Process ToolSource="c:\program files (x86)\arcgis\desktop10.6\ArcToolbox\Toolboxes\Data Management Tools.tbx\CalculateField" Date="20190227" Time="144626">CalculateField Hynek_Valley_Networks use_global 0 VB #</Process><Process ToolSource="c:\program files (x86)\arcgis\desktop10.6\ArcToolbox\Toolboxes\Data Management Tools.tbx\CalculateField" Date="20190227" Time="153144">CalculateField Hynek_Valley_Networks use_global 0 VB #</Process><Process ToolSource="c:\program files (x86)\arcgis\desktop10.6\ArcToolbox\Toolboxes\Data Management Tools.tbx\CalculateField" Date="20190227" Time="153342">CalculateField Hynek_Valley_Networks use_global 0 VB #</Process><Process ToolSource="c:\program files (x86)\arcgis\desktop10.6\ArcToolbox\Toolboxes\Data Management Tools.tbx\CalculateField" Date="20190227" Time="155930">CalculateField Hynek_Valley_Networks use_global 0 VB #</Process><Process ToolSource="c:\program files (x86)\arcgis\desktop10.6\ArcToolbox\Toolboxes\Data Management Tools.tbx\CalculateField" Date="20190227" Time="160138">CalculateField Hynek_Valley_Networks hrscdtm 1 VB #</Process><Process ToolSource="c:\program files (x86)\arcgis\desktop10.6\ArcToolbox\Toolboxes\Data Management Tools.tbx\CalculateField" Date="20190529" Time="160106">CalculateField Hynek_Valley_Networks hirise 1 VB #</Process><Process ToolSource="c:\program files (x86)\arcgis\desktop10.6\ArcToolbox\Toolboxes\Data Management Tools.tbx\CalculateField" Date="20190529" Time="160148">CalculateField Hynek_Valley_Networks hirise 1 VB #</Process><Process ToolSource="c:\program files (x86)\arcgis\desktop10.6\ArcToolbox\Toolboxes\Data Management Tools.tbx\RepairGeometry" Date="20200605" Time="095820">RepairGeometry Hynek_Valley_Networks_repair DELETE_NULL</Process><Process ToolSource="c:\program files (x86)\arcgis\desktop10.6\ArcToolbox\Toolboxes\Data Management Tools.tbx\CalculateField" Date="20200605" Time="100055">CalculateField Hynek_Valley_Networks_repair valley_hynek_id [OBJECTID] VB #</Process><Process ToolSource="c:\program files (x86)\arcgis\desktop10.6\ArcToolbox\Toolboxes\Analysis Tools.tbx\SpatialJoin" Date="20200605" Time="100333">SpatialJoin Hynek_Valley_Networks_repair "Giulia Valleys" D:\dropbox_other\Research\mars_valley_network2\mars_valley_network2.gdb\Hynek_Valley_Networks_repair_SpatialJoin JOIN_ONE_TO_ONE KEEP_ALL "Shape_Length "Shape_Length" false true true 8 Double 0 0 ,First,#,Hynek_Valley_Networks_repair,Shape_Length,-1,-1;valley_hynek_id "valley_hynek_id" true true false 2 Short 0 0 ,First,#,Hynek_Valley_Networks_repair,valley_hynek_id,-1,-1;Type "Type" true true false 25 Text 0 0 ,First,#,Giulia Valleys,Type,-1,-1;Name "Name" true true false 30 Text 0 0 ,First,#,Giulia Valleys,Name,-1,-1;Age "Age" true true false 12 Text 0 0 ,First,#,Giulia Valleys,Age,-1,-1;ID "ID" true true false 5 Long 0 5 ,First,#,Giulia Valleys,ID,-1,-1;duplicate "duplicate" true true false 50 Text 0 0 ,First,#,Giulia Valleys,duplicate,-1,-1" INTERSECT # #</Process><Process ToolSource="c:\program files (x86)\arcgis\desktop10.6\ArcToolbox\Toolboxes\Data Management Tools.tbx\CalculateField" Date="20200605" Time="100644">CalculateField Hynek_Valley_Networks_repair_SpatialJoin alex_note "Kasei" VB #</Process><Process ToolSource="c:\program files (x86)\arcgis\desktop10.6\ArcToolbox\Toolboxes\Data Management Tools.tbx\CalculateField" Date="20200605" Time="100715">CalculateField Hynek_Valley_Networks_repair_SpatialJoin alex_note "Kasei" VB #</Process><Process ToolSource="c:\program files (x86)\arcgis\desktop10.6\ArcToolbox\Toolboxes\Data Management Tools.tbx\CalculateField" Date="20200605" Time="100806">CalculateField Hynek_Valley_Networks_repair_SpatialJoin alex_note "outflow" VB #</Process><Process ToolSource="c:\program files (x86)\arcgis\desktop10.6\ArcToolbox\Toolboxes\Data Management Tools.tbx\CalculateField" Date="20200605" Time="100827">CalculateField Hynek_Valley_Networks_repair_SpatialJoin alex_note "outflow" VB #</Process><Process ToolSource="c:\program files (x86)\arcgis\desktop10.6\ArcToolbox\Toolboxes\Data Management Tools.tbx\CalculateField" Date="20200605" Time="100841">CalculateField Hynek_Valley_Networks_repair_SpatialJoin alex_note "outflow??" VB #</Process><Process ToolSource="c:\program files (x86)\arcgis\desktop10.6\ArcToolbox\Toolboxes\Data Management Tools.tbx\CalculateField" Date="20200605" Time="100925">CalculateField Hynek_Valley_Networks_repair_SpatialJoin alex_note "outflow??" VB #</Process><Process ToolSource="c:\program files (x86)\arcgis\desktop10.6\ArcToolbox\Toolboxes\Data Management Tools.tbx\CalculateField" Date="20200605" Time="101042">CalculateField Hynek_Valley_Networks_repair_SpatialJoin alex_note "outflow??" VB #</Process><Process ToolSource="c:\program files (x86)\arcgis\desktop10.6\ArcToolbox\Toolboxes\Data Management Tools.tbx\CalculateField" Date="20200605" Time="101059">CalculateField Hynek_Valley_Networks_repair_SpatialJoin alex_note "outflow??" VB #</Process><Process ToolSource="c:\program files (x86)\arcgis\desktop10.6\ArcToolbox\Toolboxes\Data Management Tools.tbx\CalculateField" Date="20200605" Time="101246">CalculateField Hynek_Valley_Networks_repair_SpatialJoin alex_note "outflow??" VB #</Process><Process ToolSource="c:\program files (x86)\arcgis\desktop10.6\ArcToolbox\Toolboxes\Data Management Tools.tbx\CalculateField" Date="20200605" Time="101349">CalculateField Hynek_Valley_Networks_repair_SpatialJoin alex_note "outflow??" VB #</Process><Process ToolSource="c:\program files (x86)\arcgis\desktop10.6\ArcToolbox\Toolboxes\Data Management Tools.tbx\CalculateField" Date="20200605" Time="101426">CalculateField Hynek_Valley_Networks_repair_SpatialJoin alex_note "outflow??" VB #</Process><Process ToolSource="c:\program files (x86)\arcgis\desktop10.6\ArcToolbox\Toolboxes\Data Management Tools.tbx\CalculateField" Date="20200605" Time="101941">CalculateField Hynek_Valley_Networks_repair_SpatialJoin alex_note "outflow?? East Hellas" VB #</Process><Process ToolSource="c:\program files (x86)\arcgis\desktop10.6\ArcToolbox\Toolboxes\Data Management Tools.tbx\CalculateField" Date="20200605" Time="102010">CalculateField Hynek_Valley_Networks_repair_SpatialJoin alex_note "outflow?? East Hellas" VB #</Process><Process ToolSource="c:\program files (x86)\arcgis\desktop10.6\ArcToolbox\Toolboxes\Data Management Tools.tbx\CalculateField" Date="20200605" Time="102038">CalculateField Hynek_Valley_Networks_repair_SpatialJoin alex_note "outflow?? East Hellas" VB #</Process><Process ToolSource="c:\program files (x86)\arcgis\desktop10.6\ArcToolbox\Toolboxes\Data Management Tools.tbx\CalculateField" Date="20200605" Time="102110">CalculateField Hynek_Valley_Networks_repair_SpatialJoin alex_note "Elysium" VB #</Process><Process ToolSource="c:\program files (x86)\arcgis\desktop10.6\ArcToolbox\Toolboxes\Data Management Tools.tbx\CalculateField" Date="20200605" Time="102124">CalculateField Hynek_Valley_Networks_repair_SpatialJoin alex_note "outflow?? Elysium" VB #</Process><Process ToolSource="c:\program files (x86)\arcgis\desktop10.6\ArcToolbox\Toolboxes\Data Management Tools.tbx\CalculateField" Date="20200605" Time="102149">CalculateField Hynek_Valley_Networks_repair_SpatialJoin alex_note "valley network" VB #</Process><Process ToolSource="c:\program files (x86)\arcgis\desktop10.6\ArcToolbox\Toolboxes\Data Management Tools.tbx\CalculateField" Date="20200605" Time="102211">CalculateField Hynek_Valley_Networks_repair_SpatialJoin alex_note "outflow??" VB #</Process><Process ToolSource="c:\program files (x86)\arcgis\desktop10.6\ArcToolbox\Toolboxes\Data Management Tools.tbx\CalculateField" Date="20200605" Time="102232">CalculateField Hynek_Valley_Networks_repair_SpatialJoin alex_note "outflow?? East Hellas" VB #</Process><Process ToolSource="c:\program files (x86)\arcgis\desktop10.6\ArcToolbox\Toolboxes\Data Management Tools.tbx\CalculateField" Date="20200605" Time="105031">CalculateField Hynek_Valley_Networks_repair_SpatialJoin alex_note "volcano: Hadriacus Mons" VB #</Process><Process ToolSource="c:\program files (x86)\arcgis\desktop10.6\ArcToolbox\Toolboxes\Data Management Tools.tbx\CalculateField" Date="20200605" Time="105827">CalculateField Hynek_Valley_Networks_repair_SpatialJoin alex_note "related to Mangala?" VB #</Process><Process ToolSource="c:\program files (x86)\arcgis\desktop10.6\ArcToolbox\Toolboxes\Data Management Tools.tbx\CalculateField" Date="20200605" Time="110000">CalculateField Hynek_Valley_Networks_repair_SpatialJoin alex_note "related to Mangala?" VB #</Process><Process ToolSource="c:\program files (x86)\arcgis\desktop10.6\ArcToolbox\Toolboxes\Data Management Tools.tbx\CalculateField" Date="20200605" Time="161146">CalculateField Hynek_Valley_Networks_repair_SpatialJoin alex_note "volcano" VB #</Process><Process ToolSource="c:\program files (x86)\arcgis\desktop10.6\ArcToolbox\Toolboxes\Data Management Tools.tbx\CalculateField" Date="20200606" Time="131634">CalculateField Hynek_Valley_Networks_repair_SpatialJoin source "Hynek et al. 2010" VB #</Process><Process ToolSource="c:\program files (x86)\arcgis\desktop10.6\ArcToolbox\Toolboxes\Data Management Tools.tbx\CalculateField" Date="20200606" Time="132519">CalculateField Hynek_Valley_Networks_repair_SpatialJoin source "Tanaka et al 2014" VB #</Process><Process ToolSource="c:\program files (x86)\arcgis\desktop10.6\ArcToolbox\Toolboxes\Data Management Tools.tbx\CalculateField" Date="20200607" Time="091348">CalculateField Hynek_Valley_Networks_repair_SpatialJoin alex_note "outflow? Sungari Vallis" VB #</Process><Process ToolSource="c:\program files (x86)\arcgis\desktop10.6\ArcToolbox\Toolboxes\Data Management Tools.tbx\CalculateField" Date="20200607" Time="092024">CalculateField Hynek_Valley_Networks_repair_SpatialJoin alex_note "outflow? related to Ares" VB #</Process><Process ToolSource="c:\program files (x86)\arcgis\desktop10.6\ArcToolbox\Toolboxes\Data Management Tools.tbx\CalculateField" Date="20200607" Time="094225">CalculateField Hynek_Valley_Networks_repair_SpatialJoin alex_note "Volcano (Elysium)" VB #</Process><Process ToolSource="c:\program files (x86)\arcgis\desktop10.6\ArcToolbox\Toolboxes\Data Management Tools.tbx\CalculateField" Date="20200607" Time="175820">CalculateField Hynek_Valley_Networks_repair_SpatialJoin source "Tanaka 2014 or Alex Morgan" VB #</Process><Process ToolSource="c:\program files (x86)\arcgis\desktop10.7\ArcToolbox\Toolboxes\Data Management Tools.tbx\Project" Date="20200624" Time="170924">Project Hynek_Tanaka_Starting_Catalog_TAG_PlateCaree C:\Users\phoenix\Desktop\Temp_TAG_WFH_2020\Research\Mars_Outlet_vs_VN_Volumes\Analysis_Files\Shapefiles\Hynek_Tanaka_Starting_Catalog_TAG.shp PROJCS['Robinson_clon0_Mars_2000_Sphere',GEOGCS['GCS_Mars_2000_Sphere',DATUM['D_custom',SPHEROID['custom',3396190.0,0.0]],PRIMEM['Reference_Meridian',0.0],UNIT['Degree',0.0174532925199433]],PROJECTION['Robinson'],PARAMETER['false_easting',0.0],PARAMETER['false_northing',0.0],PARAMETER['central_meridian',0.0],UNIT['Meter',1.0]] # PROJCS['SimpleCylindrical_Mars',GEOGCS['GCS_Mars',DATUM['D_Mars',SPHEROID['Mars',3396190.0,0.0]],PRIMEM['Reference_Meridian',0.0],UNIT['Degree',0.0174532925199433]],PROJECTION['Plate_Carree'],PARAMETER['false_easting',0.0],PARAMETER['false_northing',0.0],PARAMETER['central_meridian',0.0],UNIT['Meter',1.0]] NO_PRESERVE_SHAPE # NO_VERTICAL</Process><Process ToolSource="c:\program files (x86)\arcgis\desktop10.7\ArcToolbox\Toolboxes\Data Management Tools.tbx\CalculateField" Date="20200624" Time="212535">CalculateField Hynek_Tanaka_Starting_Catalog_TAG FIDTGC "[FID]- [FIDTG]" VB #</Process><Process ToolSource="c:\program files (x86)\arcgis\desktop10.7\ArcToolbox\Toolboxes\Data Management Tools.tbx\CalculateField" Date="20200624" Time="212603">CalculateField Hynek_Tanaka_Starting_Catalog_TAG FIDTGC "Abs ( [FreeValley]-1  )" VB #</Process><Process ToolSource="c:\program files (x86)\arcgis\desktop10.7\ArcToolbox\Toolboxes\Data Management Tools.tbx\CalculateField" Date="20200624" Time="212640">CalculateField Hynek_Tanaka_Starting_Catalog_TAG FreeValley [FIDTGC] VB #</Process><Process ToolSource="c:\program files (x86)\arcgis\desktop10.7\ArcToolbox\Toolboxes\Data Management Tools.tbx\CalculateField" Date="20200624" Time="213235">CalculateField Hynek_Tanaka_Starting_Catalog_TAG FreeValley 0 VB #</Process><Process ToolSource="c:\program files (x86)\arcgis\desktop10.7\ArcToolbox\Toolboxes\Data Management Tools.tbx\CalculateField" Date="20200624" Time="214145">CalculateField Hynek_Tanaka_Starting_Catalog_TAG FIDTGC "[FID]- [FIDTG]" VB #</Process><Process ToolSource="c:\program files (x86)\arcgis\desktop10.7\ArcToolbox\Toolboxes\Analysis Tools.tbx\Erase" Date="20200701" Time="173011">Erase Hynek_Tanaka_Starting_Catalog_TAG_Cut_Short_Crossing TAG_All_OBL_Outlines C:\Users\phoenix\Desktop\Temp_TAG_WFH_2020\Research\Mars_Outlet_vs_VN_Volumes\Analysis_Files\Shapefiles\Hynek_Tanaka_Starting_Catalog_TAG_Cut_v3.shp #</Process><Process ToolSource="c:\program files (x86)\arcgis\desktop10.7\ArcToolbox\Toolboxes\Analysis Tools.tbx\Erase" Date="20200724" Time="211855">Erase Hynek_Tanaka_Starting_Catalog_TAG_Cut_v8b Hynek_Tanaka_Starting_Catalog_TAG_Cut_v9 C:\Users\phoenix\Desktop\Temp_TAG_WFH_2020\Research\Mars_Outlet_vs_VN_Volumes\Analysis_Files\Shapefiles\temp_for_separate_editing\Hynek_Tanaka_Starting_Catalog_TAG_Cut_Crater_Interior_and_Bad_Valleys.shp #</Process><Process ToolSource="c:\program files (x86)\arcgis\desktop10.7\ArcToolbox\Toolboxes\Data Management Tools.tbx\UnsplitLine" Date="20200728" Time="172921">UnsplitLine Hynek_Tanaka_Starting_Catalog_TAG_Cut_Bad_Valleys C:\Users\phoenix\Desktop\Temp_TAG_WFH_2020\Research\Mars_Outlet_vs_VN_Volumes\Analysis_Files\Shapefiles\Final_Dataset_For_Co_Authors_7_28_2020\Hynek_Tanaka_VN_Catalog_TAG_Cut_Bad_QC.shp # #</Process><Process ToolSource="c:\program files (x86)\arcgis\desktop10.7\ArcToolbox\Toolboxes\Data Management Tools.tbx\CalculateField" Date="20200728" Time="191717">CalculateField Final_Dataset_For_Co_Authors_7_28_2020\Hynek_Tanaka_VN_Catalog_TAG_Cut_Bad_QC TAG_ID "[FID] +1" VB #</Process><Process ToolSource="c:\program files (x86)\arcgis\desktop10.7\ArcToolbox\Toolboxes\Data Management Tools.tbx\CalculateField" Date="20200830" Time="230111">CalculateField Full_Dataset_v2\Hynek_Tanaka_VN_Catalog_TAG_Cut_Bad_QC_v3 InHykOrig "Yes" VB #</Process><Process ToolSource="c:\program files (x86)\arcgis\desktop10.7\ArcToolbox\Toolboxes\Data Management Tools.tbx\CalculateField" Date="20200830" Time="230139">CalculateField Full_Dataset_v2\Hynek_Tanaka_VN_Catalog_TAG_Cut_Bad_QC_v3 Class "Cut_Bad" VB #</Process><Process ToolSource="c:\program files (x86)\arcgis\desktop10.7\ArcToolbox\Toolboxes\Data Management Tools.tbx\Merge" Date="20200830" Time="230841">Merge C:\Users\phoenix\Desktop\Temp_TAG_WFH_2020\Research\Mars_Outlet_vs_VN_Volumes\Analysis_Files\Shapefiles\Full_Dataset_v3_Final_Clean_8-30-2020\Hynek_Tanaka_VN_Catalog_TAG_Cut_Bad_QC_v3.shp;C:\Users\phoenix\Desktop\Temp_TAG_WFH_2020\Research\Mars_Outlet_vs_VN_Volumes\Analysis_Files\Shapefiles\Full_Dataset_v3_Final_Clean_8-30-2020\Hynek_Tanaka_VN_Catalog_TAG_Cut_Craters_v3.shp;C:\Users\phoenix\Desktop\Temp_TAG_WFH_2020\Research\Mars_Outlet_vs_VN_Volumes\Analysis_Files\Shapefiles\Full_Dataset_v3_Final_Clean_8-30-2020\Hynek_Tanaka_VN_Catalog_TAG_Cut_Dichotomy_v3.shp;C:\Users\phoenix\Desktop\Temp_TAG_WFH_2020\Research\Mars_Outlet_vs_VN_Volumes\Analysis_Files\Shapefiles\Full_Dataset_v3_Final_Clean_8-30-2020\Hynek_Tanaka_VN_Catalog_TAG_Cut_Mawrth_ULM_v3.shp;C:\Users\phoenix\Desktop\Temp_TAG_WFH_2020\Research\Mars_Outlet_vs_VN_Volumes\Analysis_Files\Shapefiles\Full_Dataset_v3_Final_Clean_8-30-2020\Hynek_Tanaka_VN_Catalog_TAG_Cut_Outflows_v3.shp;C:\Users\phoenix\Desktop\Temp_TAG_WFH_2020\Research\Mars_Outlet_vs_VN_Volumes\Analysis_Files\Shapefiles\Full_Dataset_v3_Final_Clean_8-30-2020\Hynek_Tanaka_VN_Catalog_TAG_Cut_Valles_Marineris_v3.shp;C:\Users\phoenix\Desktop\Temp_TAG_WFH_2020\Research\Mars_Outlet_vs_VN_Volumes\Analysis_Files\Shapefiles\Full_Dataset_v3_Final_Clean_8-30-2020\Hynek_Tanaka_VN_Catalog_TAG_Cut_Volcanic_v3.shp;C:\Users\phoenix\Desktop\Temp_TAG_WFH_2020\Research\Mars_Outlet_vs_VN_Volumes\Analysis_Files\Shapefiles\Full_Dataset_v3_Final_Clean_8-30-2020\Hynek_Tanaka_VN_Catalog_TAG_Final_v3.shp;C:\Users\phoenix\Desktop\Temp_TAG_WFH_2020\Research\Mars_Outlet_vs_VN_Volumes\Analysis_Files\Shapefiles\Full_Dataset_v3_Final_Clean_8-30-2020\Hynek_Tanaka_VN_Catalog_TAG_OBL_Outlets_v3.shp;C:\Users\phoenix\Desktop\Temp_TAG_WFH_2020\Research\Mars_Outlet_vs_VN_Volumes\Analysis_Files\Shapefiles\Full_Dataset_v3_Final_Clean_8-30-2020\Hynek_Tanaka_VN_Catalog_TAG_Possible_OBL_Outlets_v3.shp C:\Users\phoenix\Desktop\Temp_TAG_WFH_2020\Research\Mars_Outlet_vs_VN_Volumes\Analysis_Files\Shapefiles\Final_Dataset_8-30-2020\Hynek_Tanaka_VN_Catalog_TAG_Final_Full.shp "Id "Id" true true false 6 Long 0 6 ,First,#,C:\Users\phoenix\Desktop\Temp_TAG_WFH_2020\Research\Mars_Outlet_vs_VN_Volumes\Analysis_Files\Shapefiles\Full_Dataset_v3_Final_Clean_8-30-2020\Hynek_Tanaka_VN_Catalog_TAG_Cut_Bad_QC_v3.shp,Id,-1,-1,C:\Users\phoenix\Desktop\Temp_TAG_WFH_2020\Research\Mars_Outlet_vs_VN_Volumes\Analysis_Files\Shapefiles\Full_Dataset_v3_Final_Clean_8-30-2020\Hynek_Tanaka_VN_Catalog_TAG_Cut_Craters_v3.shp,Id,-1,-1,C:\Users\phoenix\Desktop\Temp_TAG_WFH_2020\Research\Mars_Outlet_vs_VN_Volumes\Analysis_Files\Shapefiles\Full_Dataset_v3_Final_Clean_8-30-2020\Hynek_Tanaka_VN_Catalog_TAG_Cut_Dichotomy_v3.shp,Id,-1,-1,C:\Users\phoenix\Desktop\Temp_TAG_WFH_2020\Research\Mars_Outlet_vs_VN_Volumes\Analysis_Files\Shapefiles\Full_Dataset_v3_Final_Clean_8-30-2020\Hynek_Tanaka_VN_Catalog_TAG_Cut_Mawrth_ULM_v3.shp,Id,-1,-1,C:\Users\phoenix\Desktop\Temp_TAG_WFH_2020\Research\Mars_Outlet_vs_VN_Volumes\Analysis_Files\Shapefiles\Full_Dataset_v3_Final_Clean_8-30-2020\Hynek_Tanaka_VN_Catalog_TAG_Cut_Outflows_v3.shp,Id,-1,-1,C:\Users\phoenix\Desktop\Temp_TAG_WFH_2020\Research\Mars_Outlet_vs_VN_Volumes\Analysis_Files\Shapefiles\Full_Dataset_v3_Final_Clean_8-30-2020\Hynek_Tanaka_VN_Catalog_TAG_Cut_Valles_Marineris_v3.shp,Id,-1,-1,C:\Users\phoenix\Desktop\Temp_TAG_WFH_2020\Research\Mars_Outlet_vs_VN_Volumes\Analysis_Files\Shapefiles\Full_Dataset_v3_Final_Clean_8-30-2020\Hynek_Tanaka_VN_Catalog_TAG_Cut_Volcanic_v3.shp,Id,-1,-1,C:\Users\phoenix\Desktop\Temp_TAG_WFH_2020\Research\Mars_Outlet_vs_VN_Volumes\Analysis_Files\Shapefiles\Full_Dataset_v3_Final_Clean_8-30-2020\Hynek_Tanaka_VN_Catalog_TAG_Final_v3.shp,Id,-1,-1,C:\Users\phoenix\Desktop\Temp_TAG_WFH_2020\Research\Mars_Outlet_vs_VN_Volumes\Analysis_Files\Shapefiles\Full_Dataset_v3_Final_Clean_8-30-2020\Hynek_Tanaka_VN_Catalog_TAG_OBL_Outlets_v3.shp,Id,-1,-1,C:\Users\phoenix\Desktop\Temp_TAG_WFH_2020\Research\Mars_Outlet_vs_VN_Volumes\Analysis_Files\Shapefiles\Full_Dataset_v3_Final_Clean_8-30-2020\Hynek_Tanaka_VN_Catalog_TAG_Possible_OBL_Outlets_v3.shp,Id,-1,-1;InHykOrig "InHykOrig" true true false 50 Text 0 0 ,First,#,C:\Users\phoenix\Desktop\Temp_TAG_WFH_2020\Research\Mars_Outlet_vs_VN_Volumes\Analysis_Files\Shapefiles\Full_Dataset_v3_Final_Clean_8-30-2020\Hynek_Tanaka_VN_Catalog_TAG_Cut_Bad_QC_v3.shp,InHykOrig,-1,-1,C:\Users\phoenix\Desktop\Temp_TAG_WFH_2020\Research\Mars_Outlet_vs_VN_Volumes\Analysis_Files\Shapefiles\Full_Dataset_v3_Final_Clean_8-30-2020\Hynek_Tanaka_VN_Catalog_TAG_Cut_Craters_v3.shp,InHykOrig,-1,-1,C:\Users\phoenix\Desktop\Temp_TAG_WFH_2020\Research\Mars_Outlet_vs_VN_Volumes\Analysis_Files\Shapefiles\Full_Dataset_v3_Final_Clean_8-30-2020\Hynek_Tanaka_VN_Catalog_TAG_Cut_Dichotomy_v3.shp,InHykOrig,-1,-1,C:\Users\phoenix\Desktop\Temp_TAG_WFH_2020\Research\Mars_Outlet_vs_VN_Volumes\Analysis_Files\Shapefiles\Full_Dataset_v3_Final_Clean_8-30-2020\Hynek_Tanaka_VN_Catalog_TAG_Cut_Mawrth_ULM_v3.shp,InHykOrig,-1,-1,C:\Users\phoenix\Desktop\Temp_TAG_WFH_2020\Research\Mars_Outlet_vs_VN_Volumes\Analysis_Files\Shapefiles\Full_Dataset_v3_Final_Clean_8-30-2020\Hynek_Tanaka_VN_Catalog_TAG_Cut_Outflows_v3.shp,InHykOrig,-1,-1,C:\Users\phoenix\Desktop\Temp_TAG_WFH_2020\Research\Mars_Outlet_vs_VN_Volumes\Analysis_Files\Shapefiles\Full_Dataset_v3_Final_Clean_8-30-2020\Hynek_Tanaka_VN_Catalog_TAG_Cut_Valles_Marineris_v3.shp,InHykOrig,-1,-1,C:\Users\phoenix\Desktop\Temp_TAG_WFH_2020\Research\Mars_Outlet_vs_VN_Volumes\Analysis_Files\Shapefiles\Full_Dataset_v3_Final_Clean_8-30-2020\Hynek_Tanaka_VN_Catalog_TAG_Cut_Volcanic_v3.shp,InHykOrig,-1,-1,C:\Users\phoenix\Desktop\Temp_TAG_WFH_2020\Research\Mars_Outlet_vs_VN_Volumes\Analysis_Files\Shapefiles\Full_Dataset_v3_Final_Clean_8-30-2020\Hynek_Tanaka_VN_Catalog_TAG_Final_v3.shp,InHykOrig,-1,-1,C:\Users\phoenix\Desktop\Temp_TAG_WFH_2020\Research\Mars_Outlet_vs_VN_Volumes\Analysis_Files\Shapefiles\Full_Dataset_v3_Final_Clean_8-30-2020\Hynek_Tanaka_VN_Catalog_TAG_OBL_Outlets_v3.shp,InHykOrig,-1,-1,C:\Users\phoenix\Desktop\Temp_TAG_WFH_2020\Research\Mars_Outlet_vs_VN_Volumes\Analysis_Files\Shapefiles\Full_Dataset_v3_Final_Clean_8-30-2020\Hynek_Tanaka_VN_Catalog_TAG_Possible_OBL_Outlets_v3.shp,InHykOrig,-1,-1;Class "Class" true true false 50 Text 0 0 ,First,#,C:\Users\phoenix\Desktop\Temp_TAG_WFH_2020\Research\Mars_Outlet_vs_VN_Volumes\Analysis_Files\Shapefiles\Full_Dataset_v3_Final_Clean_8-30-2020\Hynek_Tanaka_VN_Catalog_TAG_Cut_Bad_QC_v3.shp,Class,-1,-1,C:\Users\phoenix\Desktop\Temp_TAG_WFH_2020\Research\Mars_Outlet_vs_VN_Volumes\Analysis_Files\Shapefiles\Full_Dataset_v3_Final_Clean_8-30-2020\Hynek_Tanaka_VN_Catalog_TAG_Cut_Craters_v3.shp,Class,-1,-1,C:\Users\phoenix\Desktop\Temp_TAG_WFH_2020\Research\Mars_Outlet_vs_VN_Volumes\Analysis_Files\Shapefiles\Full_Dataset_v3_Final_Clean_8-30-2020\Hynek_Tanaka_VN_Catalog_TAG_Cut_Dichotomy_v3.shp,Class,-1,-1,C:\Users\phoenix\Desktop\Temp_TAG_WFH_2020\Research\Mars_Outlet_vs_VN_Volumes\Analysis_Files\Shapefiles\Full_Dataset_v3_Final_Clean_8-30-2020\Hynek_Tanaka_VN_Catalog_TAG_Cut_Mawrth_ULM_v3.shp,Class,-1,-1,C:\Users\phoenix\Desktop\Temp_TAG_WFH_2020\Research\Mars_Outlet_vs_VN_Volumes\Analysis_Files\Shapefiles\Full_Dataset_v3_Final_Clean_8-30-2020\Hynek_Tanaka_VN_Catalog_TAG_Cut_Outflows_v3.shp,Class,-1,-1,C:\Users\phoenix\Desktop\Temp_TAG_WFH_2020\Research\Mars_Outlet_vs_VN_Volumes\Analysis_Files\Shapefiles\Full_Dataset_v3_Final_Clean_8-30-2020\Hynek_Tanaka_VN_Catalog_TAG_Cut_Valles_Marineris_v3.shp,Class,-1,-1,C:\Users\phoenix\Desktop\Temp_TAG_WFH_2020\Research\Mars_Outlet_vs_VN_Volumes\Analysis_Files\Shapefiles\Full_Dataset_v3_Final_Clean_8-30-2020\Hynek_Tanaka_VN_Catalog_TAG_Cut_Volcanic_v3.shp,Class,-1,-1,C:\Users\phoenix\Desktop\Temp_TAG_WFH_2020\Research\Mars_Outlet_vs_VN_Volumes\Analysis_Files\Shapefiles\Full_Dataset_v3_Final_Clean_8-30-2020\Hynek_Tanaka_VN_Catalog_TAG_Final_v3.shp,Class,-1,-1,C:\Users\phoenix\Desktop\Temp_TAG_WFH_2020\Research\Mars_Outlet_vs_VN_Volumes\Analysis_Files\Shapefiles\Full_Dataset_v3_Final_Clean_8-30-2020\Hynek_Tanaka_VN_Catalog_TAG_OBL_Outlets_v3.shp,Class,-1,-1,C:\Users\phoenix\Desktop\Temp_TAG_WFH_2020\Research\Mars_Outlet_vs_VN_Volumes\Analysis_Files\Shapefiles\Full_Dataset_v3_Final_Clean_8-30-2020\Hynek_Tanaka_VN_Catalog_TAG_Possible_OBL_Outlets_v3.shp,Class,-1,-1"</Process><Process ToolSource="c:\program files (x86)\arcgis\desktop10.8\ArcToolbox\Toolboxes\Data Management Tools.tbx\CalculateField" Date="20200918" Time="091057">CalculateField Hynek_Tanaka_VN_Catalog_TAG_Final_Full Class "Maadim" VB #</Process><Process ToolSource="c:\program files (x86)\arcgis\desktop10.8\ArcToolbox\Toolboxes\Data Management Tools.tbx\CalculateField" Date="20200918" Time="131805">CalculateField Hynek_Tanaka_VN_Catalog_TAG_Final_Full Class "Lake_Outlet" VB #</Process><Process ToolSource="c:\program files\arcgis\pro\Resources\ArcToolbox\toolboxes\Data Management Tools.tbx\CalculateField" Date="20220109" Time="163732">CalculateField Hynek_Tanaka_VN_Catalog_TAG_Final_Full_alex Id 2 "Python 3" # Text NO_ENFORCE_DOMAINS</Process><Process ToolSource="c:\program files\arcgis\pro\Resources\ArcToolbox\toolboxes\Data Management Tools.tbx\CalculateField" Date="20220109" Time="163902">CalculateField Hynek_Tanaka_VN_Catalog_TAG_Final_Full_alex Id 2 "Python 3" # Text NO_ENFORCE_DOMAINS</Process><Process ToolSource="c:\program files\arcgis\pro\Resources\ArcToolbox\toolboxes\Data Management Tools.tbx\CalculateField" Date="20220109" Time="164016">CalculateField Hynek_Tanaka_VN_Catalog_TAG_Final_Full_alex Id 2 "Python 3" # Text NO_ENFORCE_DOMAINS</Process><Process ToolSource="c:\program files\arcgis\pro\Resources\ArcToolbox\toolboxes\Data Management Tools.tbx\CalculateField" Date="20220109" Time="164111">CalculateField Hynek_Tanaka_VN_Catalog_TAG_Final_Full_alex Id 2 "Python 3" # Text NO_ENFORCE_DOMAINS</Process><Process ToolSource="c:\program files\arcgis\pro\Resources\ArcToolbox\toolboxes\Data Management Tools.tbx\CalculateField" Date="20220109" Time="164153">CalculateField Hynek_Tanaka_VN_Catalog_TAG_Final_Full_alex Id 2 "Python 3" # Text NO_ENFORCE_DOMAINS</Process><Process ToolSource="c:\program files\arcgis\pro\Resources\ArcToolbox\toolboxes\Data Management Tools.tbx\CalculateField" Date="20220109" Time="173027">CalculateField Hynek_Tanaka_VN_Catalog_TAG_Final_Full_alex Id 0 "Python 3" # Text NO_ENFORCE_DOMAINS</Process></lineage><copyHistory><copy source="D:\from_dropbox\Dropbox_Smithsonian\Research\mars_global\valley_network_maps\Goudge\Hynek_Tanaka_VN_Catalog_TAG_Final_Full_alex" dest="\\DESKTOP-PSRHGC6\D$\from_dropbox\Dropbox_Smithsonian\Research\mars_global\valley_network_maps\Goudge\Hynek_Tanaka_VN_Catalog_TAG_Final_Full_alexCopy" date="20220322" time="21364000"></copy></copyHistory></DataProperties><SyncDate>20220322</SyncDate><SyncTime>21361800</SyncTime><ModDate>20220322</ModDate><ModTime>21361800</ModTime></Esri><dataIdInfo><envirDesc Sync="TRUE"> Version 6.2 (Build 9200) ; Esri ArcGIS 10.8.1.14362</envirDesc><dataLang><languageCode value="eng" Sync="TRUE"></languageCode><countryCode value="USA" Sync="TRUE"></countryCode></dataLang><idCitation><resTitle Sync="TRUE">Hynek_Tanaka_VN_Catalog_TAG_Final_Full_alex</resTitle><presForm><PresFormCd value="005" Sync="TRUE"></PresFormCd></presForm></idCitation><spatRpType><SpatRepTypCd value="001" Sync="TRUE"></SpatRepTypCd></spatRpType><dataExt><geoEle><GeoBndBox esriExtentType="search"><exTypeCode Sync="TRUE">1</exTypeCode><westBL Sync="TRUE">-179.999989</westBL><eastBL Sync="TRUE">179.999989</eastBL><northBL Sync="TRUE">53.777444</northBL><southBL Sync="TRUE">-74.776589</southBL></GeoBndBox></geoEle></dataExt></dataIdInfo><mdLang><languageCode value="eng" Sync="TRUE"></languageCode><countryCode value="USA" Sync="TRUE"></countryCode></mdLang><mdChar><CharSetCd value="004" Sync="TRUE"></CharSetCd></mdChar><distInfo><distFormat><formatName Sync="TRUE">Shapefile</formatName></distFormat><distTranOps><transSize Sync="TRUE">21.117</transSize></distTranOps></distInfo><mdHrLv><ScopeCd value="005" Sync="TRUE"></ScopeCd></mdHrLv><mdHrLvName Sync="TRUE">dataset</mdHrLvName><refSysInfo><RefSystem><refSysID><identCode code="0" Sync="TRUE"></identCode></refSysID></RefSystem></refSysInfo><spatRepInfo><VectSpatRep><geometObjs Name="Hynek_Tanaka_VN_Catalog_TAG_Final_Full_alex"><geoObjTyp><GeoObjTypCd value="002" Sync="TRUE"></GeoObjTypCd></geoObjTyp><geoObjCnt Sync="TRUE">57415</geoObjCnt></geometObjs><topLvl><TopoLevCd value="001" Sync="TRUE"></TopoLevCd></topLvl></VectSpatRep></spatRepInfo><spdoinfo><ptvctinf><esriterm Name="Hynek_Tanaka_VN_Catalog_TAG_Final_Full_alex"><efeatyp Sync="TRUE">Simple</efeatyp><efeageom code="3" Sync="TRUE"></efeageom><esritopo Sync="TRUE">FALSE</esritopo><efeacnt Sync="TRUE">57415</efeacnt><spindex Sync="TRUE">FALSE</spindex><linrefer Sync="TRUE">FALSE</linrefer></esriterm></ptvctinf></spdoinfo><eainfo><detailed Name="Hynek_Tanaka_VN_Catalog_TAG_Final_Full_alex"><enttyp><enttypl Sync="TRUE">Hynek_Tanaka_VN_Catalog_TAG_Final_Full_alex</enttypl><enttypt Sync="TRUE">Feature Class</enttypt><enttypc Sync="TRUE">57415</enttypc></enttyp><attr><attrlabl Sync="TRUE">FID</attrlabl><attalias Sync="TRUE">FID</attalias><attrtype Sync="TRUE">OID</attrtype><attwidth Sync="TRUE">4</attwidth><atprecis Sync="TRUE">0</atprecis><attscale Sync="TRUE">0</attscale><attrdef Sync="TRUE">Internal feature number.</attrdef><attrdefs Sync="TRUE">Esri</attrdefs><attrdomv><udom Sync="TRUE">Sequential unique whole numbers that are automatically generated.</udom></attrdomv></attr><attr><attrlabl Sync="TRUE">Shape</attrlabl><attalias Sync="TRUE">Shape</attalias><attrtype Sync="TRUE">Geometry</attrtype><attwidth Sync="TRUE">0</attwidth><atprecis Sync="TRUE">0</atprecis><attscale Sync="TRUE">0</attscale><attrdef Sync="TRUE">Feature geometry.</attrdef><attrdefs Sync="TRUE">Esri</attrdefs><attrdomv><udom Sync="TRUE">Coordinates defining the features.</udom></attrdomv></attr><attr><attrlabl Sync="TRUE">ID</attrlabl><attalias Sync="TRUE">Id</attalias><attrtype Sync="TRUE">Integer</attrtype><attwidth Sync="TRUE">6</attwidth><atprecis Sync="TRUE">6</atprecis><attscale Sync="TRUE">0</attscale></attr><attr><attrlabl Sync="TRUE">InHykOrig</attrlabl><attalias Sync="TRUE">InHykOrig</attalias><attrtype Sync="TRUE">String</attrtype><attwidth Sync="TRUE">50</attwidth><atprecis Sync="TRUE">0</atprecis><attscale Sync="TRUE">0</attscale></attr><attr><attrlabl Sync="TRUE">Class</attrlabl><attalias Sync="TRUE">Class</attalias><attrtype Sync="TRUE">String</attrtype><attwidth Sync="TRUE">50</attwidth><atprecis Sync="TRUE">0</atprecis><attscale Sync="TRUE">0</attscale></attr><attr><attrlabl Sync="TRUE">Length_km</attrlabl><attalias Sync="TRUE">Length_km</attalias><attrtype Sync="TRUE">Single</attrtype><attwidth Sync="TRUE">13</attwidth><atprecis Sync="TRUE">0</atprecis><attscale Sync="TRUE">0</attscale></attr></detailed></eainfo><mdDateSt Sync="TRUE">20220322</mdDateSt></metadata>
